{"cameraMode":{"drawMode":0,"name":"Shaded","section":"Shading Mode"},"sceneLighting":false,"audioPlay":false,"sceneViewState":{"showFog":true,"showMaterialUpdate":false,"showSkybox":false,"showFlares":true,"showImageEffects":true,"showParticleSystems":true},"in2DMode":false,"pivot":{"x":-0.6393022537231445,"y":0.13392460346221925,"z":0.008428692817687989},"rotation":{"x":0.25799301266670229,"y":-0.16423249244689942,"z":0.04455191269516945,"w":0.9510442018508911},"size":1.71807861328125,"orthographic":false}