{"cameraMode":{"drawMode":0,"name":"Shaded","section":"Shading Mode"},"sceneLighting":false,"audioPlay":false,"sceneViewState":{"showFog":true,"showMaterialUpdate":false,"showSkybox":false,"showFlares":true,"showImageEffects":true,"showParticleSystems":true},"in2DMode":false,"pivot":{"x":0.9556914567947388,"y":1.6524817943572999,"z":8.013809204101563},"rotation":{"x":0.09487985074520111,"y":0.8535701632499695,"z":-0.4841987192630768,"w":0.16725824773311616},"size":2.121469259262085,"orthographic":false}